event,idx,time_sec,pc1,pc2,type,k_type,db_type,image,image_exists
1,4682,4.682,-0.29520177788830165,0.47203839776206585,2,2,1,Raster_Evt001_1ch.png,True
2,5082,5.082,-0.45350784524934745,-0.020945061743508773,2,2,1,Raster_Evt002_1ch.png,True
3,5344,5.344,-0.15146554751447955,0.6980427403391861,2,2,1,Raster_Evt003_1ch.png,True
4,5988,5.988,0.005106907831242305,-0.6119306197489303,2,2,1,Raster_Evt004_1ch.png,True
5,6653,6.653,-0.634702159135131,-0.01487228746389173,2,2,1,Raster_Evt005_1ch.png,True
6,7318,7.318,0.019781936879382542,-0.46121150554577717,2,2,1,Raster_Evt006_1ch.png,True
7,7722,7.722,0.008584853859391431,-0.4206440984736173,2,2,1,Raster_Evt007_1ch.png,True
8,12241,12.241,2.1714117436057965,1.0304118981358343,1,1,2,Raster_Evt008_1ch.png,True
9,13070,13.07,0.04676242608989873,0.6689169321099473,2,2,1,Raster_Evt009_1ch.png,True
10,13222,13.222,-0.6701183989173436,0.3427429731338232,2,2,1,Raster_Evt010_1ch.png,True
11,15436,15.436,0.5502872235982406,-0.5700336241654235,1,1,1,Raster_Evt011_1ch.png,True
12,16904,16.904,0.6182082088832292,-0.13569784592817843,1,1,1,Raster_Evt012_1ch.png,True
13,19244,19.244,0.17695357682994683,-0.6018672591080304,2,2,1,Raster_Evt013_1ch.png,True
14,19609,19.609,0.021776605822530257,-0.03762800941786473,2,2,1,Raster_Evt014_1ch.png,True
15,19841,19.841,0.9602558200031276,0.19274924112535252,1,1,0,Raster_Evt015_1ch.png,True
16,20877,20.877,-0.5537338584969826,0.22424258401256092,2,2,1,Raster_Evt016_1ch.png,True
17,21239,21.239,-0.7835849205472466,0.6992896335877883,2,2,1,Raster_Evt017_1ch.png,True
18,27382,27.382,-0.35863304933037543,0.41254749102592214,2,2,1,Raster_Evt018_1ch.png,True
19,27774,27.774,-0.620991771385211,0.45404430161628023,2,2,1,Raster_Evt019_1ch.png,True
20,28108,28.108,-0.052689782758034084,-0.030688627809199454,2,2,1,Raster_Evt020_1ch.png,True
21,28582,28.582,-0.7557705279056507,0.6313854316890699,2,2,1,Raster_Evt021_1ch.png,True
22,28809,28.809,-0.025402218210663602,-0.45957926454555553,2,2,1,Raster_Evt022_1ch.png,True
23,30814,30.814,1.3154563468425355,-0.6047892087637434,1,1,0,Raster_Evt023_1ch.png,True
24,31662,31.662,0.26153675685861294,-0.5082761351529226,2,2,1,Raster_Evt024_1ch.png,True
25,31985,31.985,-0.3257374014094929,0.5818918434019026,2,2,1,Raster_Evt025_1ch.png,True
26,32504,32.504,-0.324187094172798,-0.16787177685163285,2,2,1,Raster_Evt026_1ch.png,True
27,32944,32.944,0.6990881167615842,-0.6034882045878294,1,1,1,Raster_Evt027_1ch.png,True
28,33433,33.433,0.14662029806931068,-0.31788118768512336,2,2,1,Raster_Evt028_1ch.png,True
29,35820,35.82,1.3152164935247022,1.1747259461250175,1,1,0,Raster_Evt029_1ch.png,True
30,37094,37.094,-0.4239001970485488,0.4537235106319122,2,2,1,Raster_Evt030_1ch.png,True
31,40264,40.264,-0.3685074673308486,-0.13044419779881983,2,2,1,Raster_Evt031_1ch.png,True
32,40409,40.409,-0.25158967499432217,-0.0005814622819137691,2,2,1,Raster_Evt032_1ch.png,True
33,41817,41.817,0.20933620927334523,-0.19283877150455997,2,2,1,Raster_Evt033_1ch.png,True
34,42287,42.287,0.49784427493044264,-0.8231887218215356,1,1,1,Raster_Evt034_1ch.png,True
35,42665,42.665,-0.5809225414385764,0.07643236145114997,2,2,1,Raster_Evt035_1ch.png,True
36,50354,50.354,-0.4781614882361683,0.21334515737350085,2,2,1,Raster_Evt036_1ch.png,True
37,50592,50.592,-0.05775538003174573,0.30565111943584555,2,2,1,Raster_Evt037_1ch.png,True
38,50875,50.875,-0.4832120349597575,0.24596676401812703,2,2,1,Raster_Evt038_1ch.png,True
39,51602,51.602,-0.06238286488920987,-0.451288827602034,2,2,1,Raster_Evt039_1ch.png,True
40,54488,54.488,0.01887046256319636,-0.15136332735225028,2,2,1,Raster_Evt040_1ch.png,True
41,61936,61.936,-0.1430468125106615,0.2246177304075879,2,2,1,Raster_Evt041_1ch.png,True
42,63005,63.005,0.013630544737184962,-0.7116735281277178,2,2,1,Raster_Evt042_1ch.png,True
43,63509,63.509,-0.36015626389761596,-0.211045185342891,2,2,1,Raster_Evt043_1ch.png,True
44,63890,63.89,-0.2042034165520975,0.21096640116125936,2,2,1,Raster_Evt044_1ch.png,True
45,64757,64.757,0.30602543031836593,-0.3833310879887702,2,2,1,Raster_Evt045_1ch.png,True
46,67908,67.908,0.26822092290696414,0.33666650700700324,2,2,0,Raster_Evt046_1ch.png,True
47,69518,69.518,-0.44430820992854586,0.08531507956524037,2,2,1,Raster_Evt047_1ch.png,True
48,69898,69.898,-0.29566243623737554,0.581723843246106,2,2,1,Raster_Evt048_1ch.png,True
49,70557,70.557,-0.5287240667290348,0.2887833438101868,2,2,1,Raster_Evt049_1ch.png,True
50,70657,70.657,2.277032037909807,1.4815981023525822,1,1,0,Raster_Evt050_1ch.png,True
51,70935,70.935,0.680535228930016,-0.6011528062173592,1,1,1,Raster_Evt051_1ch.png,True
52,71390,71.39,0.15411041347127633,-0.26509104863570226,2,2,1,Raster_Evt052_1ch.png,True
53,73872,73.872,-0.46656720578283467,0.3659721307653081,2,2,1,Raster_Evt053_1ch.png,True
54,81239,81.239,-0.08837698436534465,-0.1799584363271094,2,2,1,Raster_Evt054_1ch.png,True
55,82148,82.148,-0.2653998446701012,0.2230815260154836,2,2,1,Raster_Evt055_1ch.png,True
56,84873,84.873,-0.7091377039361468,0.3373626838372553,2,2,1,Raster_Evt056_1ch.png,True
57,85096,85.096,0.3556079064357499,-0.17970889021682906,2,2,1,Raster_Evt057_1ch.png,True
58,87388,87.388,-0.3186761613402974,-0.33739666844350025,2,2,1,Raster_Evt058_1ch.png,True
59,89123,89.123,-0.04770936850053895,0.0756462958870377,2,2,1,Raster_Evt059_1ch.png,True
60,89997,89.997,-0.11687717442028961,0.3711709843755959,2,2,1,Raster_Evt060_1ch.png,True
61,90283,90.283,-0.18652086132736767,-0.10392373349774357,2,2,1,Raster_Evt061_1ch.png,True
62,92988,92.988,-0.08930914523813774,-0.3821883183290102,2,2,1,Raster_Evt062_1ch.png,True
63,96266,96.266,1.1808406498710367,-0.6440274386790299,1,1,0,Raster_Evt063_1ch.png,True
64,97684,97.684,0.028338801672106992,-0.4965493917806065,2,2,1,Raster_Evt064_1ch.png,True
65,100846,100.846,-0.27950443766048194,0.28158025856057645,2,2,1,Raster_Evt065_1ch.png,True
66,101001,101.001,2.2060293511324476,1.053236538303487,1,1,2,Raster_Evt066_1ch.png,True
67,101369,101.369,0.01652902649692125,-0.13577817301552778,2,2,1,Raster_Evt067_1ch.png,True
68,102204,102.204,-0.47095568421703055,0.18991837035376624,2,2,1,Raster_Evt068_1ch.png,True
69,104357,104.357,-0.39640325834743706,-0.0054960756269707405,2,2,1,Raster_Evt069_1ch.png,True
70,105257,105.257,-0.20370440215348326,-0.17937395110206136,2,2,1,Raster_Evt070_1ch.png,True
71,105506,105.506,-0.5884187892907768,0.5324267902437931,2,2,1,Raster_Evt071_1ch.png,True
72,105669,105.669,-0.44383462003655555,0.6176972274242102,2,2,1,Raster_Evt072_1ch.png,True
73,109548,109.548,1.3211534037582529,-0.4807112285362819,1,1,0,Raster_Evt073_1ch.png,True
74,114028,114.028,-0.2966045632574123,0.2862007068370852,2,2,1,Raster_Evt074_1ch.png,True
75,114145,114.145,-0.5202118607807468,0.306897084738126,2,2,1,Raster_Evt075_1ch.png,True
76,114441,114.441,-0.23257902835189706,0.05973372062172485,2,2,1,Raster_Evt076_1ch.png,True
77,114654,114.654,0.020520369265407547,0.7839932113705326,2,2,1,Raster_Evt077_1ch.png,True
78,114906,114.906,-0.15999314090483066,0.39838893962416505,2,2,1,Raster_Evt078_1ch.png,True
79,117440,117.44,-0.2806700376530222,-0.2293521618552029,2,2,1,Raster_Evt079_1ch.png,True
80,122586,122.586,-0.1775820705012095,0.4604587019053629,2,2,1,Raster_Evt080_1ch.png,True
81,123083,123.083,-0.05718887559440106,-0.12092048067953201,2,2,1,Raster_Evt081_1ch.png,True
82,123751,123.751,0.6413364422172385,-0.6588807005678651,1,1,1,Raster_Evt082_1ch.png,True
83,129387,129.387,0.24286716860414684,-0.6206789152274231,2,2,1,Raster_Evt083_1ch.png,True
84,129781,129.781,-0.0368223502079593,-0.28106680260851447,2,2,1,Raster_Evt084_1ch.png,True
85,133566,133.566,0.23566378251282363,-0.825385224109055,2,2,1,Raster_Evt085_1ch.png,True
86,133870,133.87,-0.08598844872971075,-0.3256655002275787,2,2,1,Raster_Evt086_1ch.png,True
87,134805,134.805,-0.4307749289527555,0.028964054425288738,2,2,1,Raster_Evt087_1ch.png,True
88,135549,135.549,-0.4356069218206335,0.5953418618702798,2,2,1,Raster_Evt088_1ch.png,True
89,135820,135.82,-0.49002847773514796,0.07938127983012008,2,2,1,Raster_Evt089_1ch.png,True
90,136183,136.183,0.5492437192915792,-0.9276924394188897,1,1,1,Raster_Evt090_1ch.png,True
91,140628,140.628,-0.4422871542361152,0.1633296612730058,2,2,1,Raster_Evt091_1ch.png,True
92,140954,140.954,-0.5592039049192805,0.000158093700754766,2,2,1,Raster_Evt092_1ch.png,True
93,141291,141.291,-0.2061764543050896,-0.17133375457508607,2,2,1,Raster_Evt093_1ch.png,True
94,141611,141.611,-0.35594386842382286,0.05344261397521401,2,2,1,Raster_Evt094_1ch.png,True
95,147591,147.591,0.11287181098201406,0.5310527459677126,2,2,1,Raster_Evt095_1ch.png,True
96,153264,153.264,1.182051506019821,-0.6944238655414432,1,1,0,Raster_Evt096_1ch.png,True
97,153918,153.918,1.5411999548804056,2.2277199242633614,1,1,0,Raster_Evt097_1ch.png,True
98,155724,155.724,-0.4892704815674009,0.0781210909426198,2,2,1,Raster_Evt098_1ch.png,True
99,156089,156.089,-0.014008551126560203,-0.23299324605026614,2,2,1,Raster_Evt099_1ch.png,True
100,156882,156.882,-0.1302020801382048,-0.17553963313112358,2,2,1,Raster_Evt100_1ch.png,True
101,157281,157.281,-0.6529669553700775,0.6553585331360329,2,2,1,Raster_Evt101_1ch.png,True
102,157692,157.692,-0.8506542862557255,0.3647241115481934,2,2,1,Raster_Evt102_1ch.png,True
103,157942,157.942,-0.3216395565763698,-0.09765967396420831,2,2,1,Raster_Evt103_1ch.png,True
104,159701,159.701,1.8302557208042283,0.9155021258516718,1,1,0,Raster_Evt104_1ch.png,True
105,161408,161.408,0.047319518412157625,0.2700924332382397,2,2,1,Raster_Evt105_1ch.png,True
106,161727,161.727,2.216467035580737,1.1797724109919876,1,1,2,Raster_Evt106_1ch.png,True
107,161863,161.863,0.44674306258603735,0.10099130132666641,1,1,0,Raster_Evt107_1ch.png,True
108,162175,162.175,-0.19812120523082835,-0.13759490857912415,2,2,1,Raster_Evt108_1ch.png,True
109,164722,164.722,-0.15748206213325053,0.17265056885774246,2,2,1,Raster_Evt109_1ch.png,True
110,165669,165.669,-0.7546883518033438,0.20857399731658238,2,2,1,Raster_Evt110_1ch.png,True
111,166051,166.051,-0.5933959980975292,0.1529259180132492,2,2,1,Raster_Evt111_1ch.png,True
112,166265,166.265,-0.013864731517940758,0.5431075027144908,2,2,1,Raster_Evt112_1ch.png,True
113,166545,166.545,-0.14517542740288922,0.3493610379222733,2,2,1,Raster_Evt113_1ch.png,True
114,169127,169.127,-0.30777627968008126,-0.2356681564686683,2,2,1,Raster_Evt114_1ch.png,True
115,177204,177.204,0.18054699513527558,-0.8559869189497901,2,2,1,Raster_Evt115_1ch.png,True
116,177498,177.498,-0.42389599600356903,0.35479057086591026,2,2,1,Raster_Evt116_1ch.png,True
117,179175,179.175,0.4540329509705741,-0.39200801498513,1,1,1,Raster_Evt117_1ch.png,True
118,182383,182.383,-0.16088015452842386,-0.209780104762537,2,2,1,Raster_Evt118_1ch.png,True
119,182558,182.558,-0.044515366925667384,0.3703984352769501,2,2,1,Raster_Evt119_1ch.png,True
120,183141,183.141,0.8889340641659349,-1.0983153503008445,1,1,0,Raster_Evt120_1ch.png,True
121,190311,190.311,-0.293063562364569,-0.19060822564739088,2,2,1,Raster_Evt121_1ch.png,True
122,190929,190.929,-0.37983680157033356,0.2589727810706894,2,2,1,Raster_Evt122_1ch.png,True
123,191592,191.592,0.7393548401431743,-0.7205986952609975,1,1,1,Raster_Evt123_1ch.png,True
124,192813,192.813,0.5798979932841544,-0.2772816692655379,1,1,1,Raster_Evt124_1ch.png,True
125,196577,196.577,-0.41745815137492565,0.15915876479589336,2,2,1,Raster_Evt125_1ch.png,True
126,197372,197.372,0.18405848848425513,-0.6066880154140523,2,2,1,Raster_Evt126_1ch.png,True
127,197700,197.7,-0.5750588223362909,0.07222579534562913,2,2,1,Raster_Evt127_1ch.png,True
128,197995,197.995,0.3410018234946772,0.5045153508963168,2,2,0,Raster_Evt128_1ch.png,True
129,201537,201.537,-0.0320458421174474,-0.20903374781820508,2,2,1,Raster_Evt129_1ch.png,True
130,202198,202.198,-0.12801636220520646,-0.5082986531507152,2,2,1,Raster_Evt130_1ch.png,True
131,202659,202.659,-0.22038891121573045,0.5789236867066898,2,2,1,Raster_Evt131_1ch.png,True
132,202864,202.864,-0.34990809090559,0.5601645025163938,2,2,1,Raster_Evt132_1ch.png,True
133,203157,203.157,2.2287454433586347,1.2030090915210905,1,1,2,Raster_Evt133_1ch.png,True
134,203295,203.295,1.669987802995832,-0.11630055868601002,1,1,0,Raster_Evt134_1ch.png,True
135,203521,203.521,0.609282359982532,-0.8316575522823384,1,1,1,Raster_Evt135_1ch.png,True
136,207150,207.15,0.13640875076679915,-0.5851563402647255,2,2,1,Raster_Evt136_1ch.png,True
137,207709,207.709,-0.4742284210459455,0.03148758897105919,2,2,1,Raster_Evt137_1ch.png,True
138,208216,208.216,0.12004272038222469,-0.5785738494374774,2,2,1,Raster_Evt138_1ch.png,True
139,208679,208.679,-0.5286126391019709,0.4212937901351063,2,2,1,Raster_Evt139_1ch.png,True
140,209098,209.098,-0.1394341912068135,-0.0971991584057111,2,2,1,Raster_Evt140_1ch.png,True
141,211012,211.012,-0.3495292193226842,-0.3406044740524952,2,2,1,Raster_Evt141_1ch.png,True
142,211594,211.594,-0.1072290266249049,0.21332559085062933,2,2,1,Raster_Evt142_1ch.png,True
143,211712,211.712,-0.2542431838478878,0.28926576943833476,2,2,1,Raster_Evt143_1ch.png,True
144,212533,212.533,0.5469803830561308,-0.9474696437387867,1,1,1,Raster_Evt144_1ch.png,True
145,213816,213.816,0.014368939027030743,-0.561537252267769,2,2,1,Raster_Evt145_1ch.png,True
146,214591,214.591,-0.0994862817262596,-0.5098555386462826,2,2,1,Raster_Evt146_1ch.png,True
147,221544,221.544,-0.5252140949152005,0.03662231749541185,2,2,1,Raster_Evt147_1ch.png,True
148,233978,233.978,-0.24795976068961734,-0.16939697255623862,2,2,1,Raster_Evt148_1ch.png,True
149,239404,239.404,0.3218910181918133,-0.443559897505939,2,2,1,Raster_Evt149_1ch.png,True
150,243719,243.719,0.1700984250273856,-0.4918579256985845,2,2,1,Raster_Evt150_1ch.png,True
151,244424,244.424,-0.005527068249198237,-0.6837805928615525,2,2,1,Raster_Evt151_1ch.png,True
152,245447,245.447,-0.48672293931119903,0.03915866347171385,2,2,1,Raster_Evt152_1ch.png,True
153,250986,250.986,-0.22917699395869426,-0.13464767796505372,2,2,1,Raster_Evt153_1ch.png,True
154,255444,255.444,-0.6145681711333684,0.3174081553969154,2,2,1,Raster_Evt154_1ch.png,True
155,256165,256.165,-0.0060579477446006886,-0.37041767183251545,2,2,1,Raster_Evt155_1ch.png,True
156,258401,258.401,-0.17661452909103306,-0.30870366640596564,2,2,1,Raster_Evt156_1ch.png,True
157,259044,259.044,-0.21339657574057738,0.10905162196367686,2,2,1,Raster_Evt157_1ch.png,True
158,259212,259.212,-0.16092206875094894,0.668228845424495,2,2,1,Raster_Evt158_1ch.png,True
159,263024,263.024,-0.10650185211955569,-0.5546054768525843,2,2,1,Raster_Evt159_1ch.png,True
160,263923,263.923,-0.03232584333665093,-0.21436216202587205,2,2,1,Raster_Evt160_1ch.png,True
161,268370,268.37,-0.03192095457270426,0.4872485071203907,2,2,1,Raster_Evt161_1ch.png,True
162,269327,269.327,-0.5861852118080354,0.42338473583771546,2,2,1,Raster_Evt162_1ch.png,True
163,269921,269.921,-0.6000581993239242,0.610217560234926,2,2,1,Raster_Evt163_1ch.png,True
164,270300,270.3,-0.47739628094457853,0.39519833763958934,2,2,1,Raster_Evt164_1ch.png,True
165,275423,275.423,-0.3340251768379904,-0.331856132916114,2,2,1,Raster_Evt165_1ch.png,True
166,283829,283.829,0.9167754455096684,-0.6617862160118299,1,1,1,Raster_Evt166_1ch.png,True
167,284366,284.366,-0.11625365902241587,-0.0355581118005572,2,2,1,Raster_Evt167_1ch.png,True
168,292109,292.109,1.7448306188412654,0.0626200350339214,1,1,0,Raster_Evt168_1ch.png,True
169,298615,298.615,-0.3753102292503671,0.8600888730584223,2,2,0,Raster_Evt169_1ch.png,True
170,299472,299.472,-0.4412356397562349,0.2286055066255433,2,2,1,Raster_Evt170_1ch.png,True
171,300191,300.191,-0.35092912265323883,-0.47446842029017033,2,2,1,Raster_Evt171_1ch.png,True
172,300638,300.638,0.14635379269408502,-0.438033311374848,2,2,1,Raster_Evt172_1ch.png,True
173,300853,300.853,-0.4920917718112161,1.0589321115819907,2,2,0,Raster_Evt173_1ch.png,True
174,301435,301.435,0.41287012664359524,-0.845829039528876,1,1,1,Raster_Evt174_1ch.png,True
175,301970,301.97,-0.18569219306773282,-0.16005019932310782,2,2,1,Raster_Evt175_1ch.png,True
176,305548,305.548,-0.008624146559104703,-0.13460092048212252,2,2,1,Raster_Evt176_1ch.png,True
177,310858,310.858,0.2110668414905256,-0.3194868550654328,2,2,1,Raster_Evt177_1ch.png,True
178,311056,311.056,-0.03301294318793126,0.18223130481792404,2,2,1,Raster_Evt178_1ch.png,True
179,311467,311.467,-0.5161060521720555,0.27667906967169603,2,2,1,Raster_Evt179_1ch.png,True
180,314515,314.515,-0.0546488938963897,-0.4598393532263957,2,2,1,Raster_Evt180_1ch.png,True
181,316068,316.068,-0.40472833312171014,-0.010881355651602363,2,2,1,Raster_Evt181_1ch.png,True
182,316787,316.787,-0.1368468433764582,-0.11627695317132486,2,2,1,Raster_Evt182_1ch.png,True
183,317541,317.541,-0.48333760831439215,-0.14856428123362542,2,2,1,Raster_Evt183_1ch.png,True
184,321280,321.28,-0.2549139409247315,-0.10441033381697273,2,2,1,Raster_Evt184_1ch.png,True
185,326002,326.002,-0.23692057549748885,-0.019994519843437586,2,2,1,Raster_Evt185_1ch.png,True
186,326650,326.65,0.5153010988300386,-0.8652305380476273,1,1,1,Raster_Evt186_1ch.png,True
187,326886,326.886,-0.33826705893399633,-0.20717462534411277,2,2,1,Raster_Evt187_1ch.png,True
188,330061,330.061,-0.40491290138048014,-0.30766633729862397,2,2,1,Raster_Evt188_1ch.png,True
189,336893,336.893,-0.20541987524576774,-0.3600020241381804,2,2,1,Raster_Evt189_1ch.png,True
190,340222,340.222,-0.23817134126702016,0.13880489923323444,2,2,1,Raster_Evt190_1ch.png,True
191,343043,343.043,-0.27084666776084254,-0.4297984756241503,2,2,1,Raster_Evt191_1ch.png,True
192,344328,344.328,0.7764108834421745,-0.24943797772058143,1,1,1,Raster_Evt192_1ch.png,True
193,348491,348.491,-0.0142305862513543,-0.5150334331097516,2,2,1,Raster_Evt193_1ch.png,True
194,351866,351.866,-0.4207909291149993,0.4785617373996235,2,2,1,Raster_Evt194_1ch.png,True
195,353182,353.182,0.6307310936073208,-0.6953466096206852,1,1,1,Raster_Evt195_1ch.png,True
196,358025,358.025,-0.5384449663713592,0.709060768001949,2,2,1,Raster_Evt196_1ch.png,True
197,362040,362.04,-0.4019175576654579,-0.05605412121480622,2,2,1,Raster_Evt197_1ch.png,True
198,362950,362.95,-0.22982263117453644,0.10877216549267442,2,2,1,Raster_Evt198_1ch.png,True
199,365085,365.085,-0.5567697536758488,0.004023923388572687,2,2,1,Raster_Evt199_1ch.png,True
200,365833,365.833,0.5906477470666613,-0.8510742146812329,1,1,1,Raster_Evt200_1ch.png,True
201,397037,397.037,0.30107710716717384,-0.6813053303375272,2,2,1,Raster_Evt201_1ch.png,True
202,408398,408.398,-0.09787914878298012,0.229322587590993,2,2,1,Raster_Evt202_1ch.png,True
203,408875,408.875,0.024711643115555047,-0.060570508503091584,2,2,1,Raster_Evt203_1ch.png,True
204,416234,416.234,-0.05589469406340461,-0.24113402216287447,2,2,1,Raster_Evt204_1ch.png,True
205,422461,422.461,-0.10516239370027634,-0.2294424501514903,2,2,1,Raster_Evt205_1ch.png,True
206,427465,427.465,-0.6009180822253967,0.34651475797391396,2,2,1,Raster_Evt206_1ch.png,True
207,428969,428.969,-0.3868599213307531,0.4408760350025188,2,2,1,Raster_Evt207_1ch.png,True
208,429109,429.109,-0.2587989140117609,0.2841597109814004,2,2,1,Raster_Evt208_1ch.png,True
209,432804,432.804,1.4106255028886805,0.753104207571505,1,1,0,Raster_Evt209_1ch.png,True
